index;CUSEC;NMUN;POLYLINE;POLYLINEPREURL;URLENCODED
3837;2812301001;Rivas-Vaciamadrid;{osuFxzlTV@`@?z@@??l@Al@G??f@Gp@Qr@U`@Qd@WZURQ??NSLSXq@\aAZy@L_@Na@Jg@BS@QB]@_@@a@A]?Q?OAM?GCQAIACAGEKEOCGEMCMA?CMCMEQ?IAE?CAE?Q??AUA[?MGkA?UAc@Ae@Ag@Am@??Ce@Go@SuBIaAG}@E{@A[GsA?c@@[?]@g@Bc@Bc@Be@F]BQDSDQJWHQHOTYRQPK\SJELGJEHCNCN?R@NBLDNHRNPNVV`@d@p@t@j@v@tAdBhAxA~@rAvAlB~@hAJHjBxBvA|AhAhAbAbAr@p@|@x@r@p@t@p@`Ax@pAdAtAfAdAv@n@`@f@\f@THD^Pf@P^Lh@Lf@F`@B\Dh@@h@B`@@nAGl@CAKE}AlF_KPYN[rB{D`Gi@jJjExFbBbB]AEU}@gBeHmOqE_@m@oDiFpNkCbBtF~HUFERMLKLM\a@PYR[P[Tg@Rk@Jc@FWBO@S@SAOAQESB?xKm@~DnZaAd@jKrDdCmD`@gInFsJnGyEFArFm@dDIx@nDVhABJt@dDjFrEXT\Xl@b@JD~@`@`A`@FBt@`@^ZTXJLNRNPP\R^Td@Rd@h@~AXbADXBT?F?FEb@OxFSdGDdBBbB@HBFFNNPl@f@v@n@n@d@~@x@p@f@HFJDJBF@D@??\???l@Cd@GFAXIXGHCv@[RIp@Y@?@AlAg@nAm@x@e@l@]rA{@b@Wr@c@hBiAx@a@h@Wx@a@TMpAk@~@a@VMt@[DC@?rC_AbA[fAWvBe@|Cs@~Bo@xAk@pAo@JG~@g@j@a@PMt@m@d@g@t@gAl@eAVm@FQBG^qADo@BY@_AAa@Aa@AI?AIoAMgAUeA_@gAAA?A[i@s@qA}@qAy@eAaAaAiAy@YQYOc@Si@SOGa@Oq@WiAi@uAw@OIe@WWUSOQOQOOQGIIKOWS]O_@Qo@CUEWKs@Gw@Ew@A}@@k@?U@s@@e@Be@RuA^oBXaATu@Xq@d@eAN[P[f@}@LSXe@j@w@Xi@Pe@Ni@He@DQHa@DU@KDo@@k@??@g@@i@Bi@?Q?g@@uA??AyA?]A_@EaAMeCG}@A]Ck@Ck@AyAAk@Bu@BUBUN_AJ]HKFKHMHIXY@Al@k@r@g@j@a@NERIb@M\E^EXC@?^AH@XBd@Dt@J??d[dEdAHfAF`BHfAF~@?fABp@AP???JAr@Aj@E`@G`@OTGHGHGTORSRYDKPYHSHSPa@Le@Lq@Hi@Bu@?m@Ei@CQCQGYGYc@yCQmASaBKcAI}@?A??C_A?[?S@O@_@??Ba@BIBWHa@DKBIDKDKNS^c@XSLKJIb@UzAi@rAa@zDy@vG_BpBg@lBc@hBe@TIpA]b@O~@]x@[\Kj@Yj@UvAq@fAm@FENI~@k@~@o@lBsAt@e@p@a@pAu@bAk@`Aa@HEv@_@nAa@h@SzLqD`ASt@K`@CRC??r@CN?j@@@???^Bb@HRDHBJDJBd@VPJPJ\RZRjAj@t@ZPFh@P~EzA??PuA??lDLbD_@hBUvAyA~AUv@MjAO`@GtASdBS\Ch@DtAJrDG??r@m@~@w@Z?nCE`Dr@d@J??pNlA@R@PDh@Fj@n@dJLxBF|@Bb@DbAQ~Lu@lFY|B??oB_@??}DtGgDrFiClD{ErFeAjACBq@`Kf`@n_@fCdC@@LJlKfKbAbFb@pDBLNtA^zFO`Fw@rGiDtOGZCLM~@Ix@CVUdBOpA@zA@bAMxA?rABv@@b@K`BSnAIf@Mf@U~@Y`AK`@_@hAQh@Uv@YbAc@nAGPa@|AEh@Gn@HjAf@fArAtCLXt@~Ar@xAVj@^J`AVpI|B@?bJa@@?fAqBFuALkDJeBDs@XyDZo@~@kBLSJUhDShCOn@CtD}Z`FnD|@`E|ClNVfA?@xBtTlCjDnCnD@?~KuP^cELwAt@mIjBWpASLRfEbGt@~BtBxGRxJ|InT@@@?fGdDvJlF?JAFG~CMxFsClIiAbDjEpDvAlAfDvCx@hQMtIaAlB}@dBVjAXpAh@`Dj@zBf@tBHTpE~K`AdEpBpEdB`Eg@xDc@lDC|@IhCQjFIrBClAA?eQsE}DtN?@{@jCwB|G{G`JhCrMjCvMzEdJx@lA`ClD|BnHdDxJdG~EuE|JhRdTrIlT??i@Sm@Q_AYa@Gi@G??w@GUCK?MAS?KAW@Q?aABe@Bs@FcAH{@Hy@FCKCMG[AEAAAEACACGQIQO[EIOUOSGGGKECGEKEEAMGA?MCCAC?W???E?I@G@C@KBMHEDEDSRyFhFGDmBzAq@h@}@p@OL_@Z[TMJk@b@GDm@^iExBgGzC{HnBiGzAuV~@}GI{FMw@CgXjG??IAcE{@{HaBi@KWGQE[G??????l@lIsFfHSpFB@LtGs@fB`AxG}NxFyK?qFoAsDy@GCcE_B}EoB_@MeGiC[M]w@sHyOkMgPaIgHgJ{N_EkDeE}BqBiAaHyDmSsIaNuKuEkD_P_SyD_CkEiCYQs@wA[m@Wg@sAkC]s@yL_Fe@SuAqEuCmFiAsBQ[uDyCiA}@KIi@c@RKtFyBb@QhEyDEQKSMOSWU[Y[WQWSA@[QUMMKe@c@Y]WYWe@MUI_@Q{@UqAOaAEGAKGOGKKMMIOE]Gi@Mq@OSGKESIuByBi@m@kAuAm@aAiCwDwBiDMOkC}DQWWc@Ue@Oe@PMtA_ArByAtB_B`@WPMPKVSJKLKFGFOFE`BcAXvAT~@J`AF~@VlANd@Z\@@\hBBABF?@BPNGb@UPIBALGHETM^QJEPGXIBATGDADA~AcAbCyAtB}AhBgBtB{B~@sAdA}BtA}CTe@`IyLnHqK|BoG`CmHFSnAuDv@wB?AxAoDvBqEdDaEnF}D_BaHiEmQr@k@eB_H}C}L{@sDGYe@qBc@_Du@aBeAa@kCdAUJaAoDiAn@aFnDeAcAEC]sAQ_@U]WQa@Mm@OUKUg@w@gB_AlB??iA{AyAiAuB}@_C?_BPwAh@k@f@cCkBcFnImA`BeAr@cMp@gNd@uCDoAr@k@l@uA~BiAlBlB~ClCnC`BnCr@~At@jDf@hEPdB`@fC`@rBfBbD`B~@r@r@n@f@bCR@PNV\`@d@Lp@nArGxPiG~D]YOMMMOKMMOKMMOMOKMKOMOMMKMMOKOMMKOMMKMMOMOKMM]YOMMKOMMKOMMKOMOMOM_Aq@AAAAKIOOOMOMQMOMOMQMUSOMAAu@dAQVEF@@[j@EFQ\KTIPMPMROPKNA@GOMRMNCCQLBHGHGDGDEDCBE@EDGDE@CBC?A@E?EUSDUDWDUDW?G@M?A?IAM?IAKAOCC?CASEUGUKQIA?UKQKKEAASKIEGCYOIEECAAMGGCIGA?ECAAIGGEA?QOQSIEIGMMEEAACCAAGEACGIKKEEMOCKCGGWAGCMI[Ki@CQAEAKE]AOCm@AYAGGwACYEeAmCV?TKm@O@O?a@Aq@?A?A?k@Aw@AK?oCAqDIGi@Ca@Ae@Eo@MGSAu@A[?EC]QwDcIyEK[`AqBtBaCY}@zDaAFJbBHrCn@rOFbBRrEPrEHxAh@rLq@HDtAt@jItAvHT~E[bEKfDEpAC`BUrEWxAOn@Pj@NLb@f@r@jABDp@xA~@vBpArCVd@V^R^NVp@x@lB`DN^DtAJnATn@j@p@b@^PLoCjFhAt@p@`C\JnAv@j@PpA?n@@nATBJN?`@JTDD@THHBFBPBH?J@LDH@B@NFXHHDHD@@NH@?JBJD@?@A@EJFJHFBB@VFD@^H@?h@JD@ZHTDPDLDJ@B@VFJBJBNDH@ZJZJD?LHLJJHBBTVBD@BJJ@@FHoDm@A?}Ds@aAQA?i@KgHq@OA{@I?IAI?EAGCE??CCA?ECA?KCMAKAW@i@@e@@Q@I@a@?KAGA[GUEU?MBOBOFMDS@M@Q?S?c@Aq@A}@?g@?q@CKA_@CYEGCIAICAAMEs@Sa@Gm@MKCWI[K]QUOWQEEA?KIm@k@SYS[GMAAOWg@gAYk@Ye@CGEEKKAAMGA?CAMCa@Ca@BW@OBUD]HSFYHk@P]FYF_@Dc@Bg@@gAF{CNG?O?I?WASCQGo@WWKUKUMGCAAIEEEMIQOOQQUg@s@MQOOQO[QUMWQ??UMCCWS]Ua@Ye@YGE[SYQUOSIOKCAMKKMOQSQUOSOQI[Os@_@CAOKGEKECAMCUGICKAICIAI?GAICg@ME?IAKCOAIAGASIWKECg@UCCm@[CCAAACIQ?AEIEIEGEEGEIGECA?CCOIkBy@MEOIWOa@Sy@[{Bo@e@Kg@MYIIEgA]YI_@IUEYGSCSCSE[K{Aa@q@MYEWEWEQAMA]EWCUEAAUGSGKEKEQIXiADS@EhByH`@cBzD}NkA_[t@yCvIqN~@yASgB}@{IqE}NkE}Io@kL?GaHOm@A{Gq@IAeAKaMoAc@GUEKCKCyAg@[M]O{@YeA]e@OYGYIe@Ma@Ig@KgDc@]E[CWAYCSAG?]?[Aa@@e@@[BOBQBODODSHq@T[NWLWNa@PWLA@UHUJQDSDUDUDQBc@DgAJi@DUBWBe@Be@@e@?U?K@a@?[?a@A[?UAYAYA]CWAa@Ce@CMAI?QAOAK?K?C?E@G@GBGBQLe@Zm@\]Pc@TWJ@M\}E`AgNTMFEq@q@{DyDFSJ]b@mA|@wAp@uA??EI}AsCkAm@oAq@ESEUIgA?AAEVEVCL?T@??vABvAF??,afduFpmnThCoAo@mC_@}Ay@gDx\kPlTaKaDqNWmAgDoPe@k@e@g@eCcAwOkA_D^ePpBh@rDXnAXlAx@hDv@jD}EdCeJfEiB~@yAr@}Bv@cCf@}ARw@JeBFkCJaBPiB\{Ad@cBl@gB|@}B`AeC`Ap@dB|@jDfB~HjBpHBL`E~PlA`GlQiJhCy@`Bc@vBQnCS`AYjAWlAi@`Bm@jCkA;(({osuFxzlTV@`@?z@@??l@Al@G??f@Gp@Qr@U`@Qd@WZURQ??NSLSXq@\aAZy@L_@Na@Jg@BS@QB]@_@@a@A]?Q?OAM?GCQAIACAGEKEOCGEMCMA?CMCMEQ?IAE?CAE?Q??AUA[?MGkA?UAc@Ae@Ag@Am@??Ce@Go@SuBIaAG}@E{@A[GsA?c@@[?]@g@Bc@Bc@Be@F]BQDSDQJWHQHOTYRQPK\SJELGJEHCNCN?R@NBLDNHRNPNVV`@d@p@t@j@v@tAdBhAxA~@rAvAlB~@hAJHjBxBvA|AhAhAbAbAr@p@|@x@r@p@t@p@`Ax@pAdAtAfAdAv@n@`@f@\f@THD^Pf@P^Lh@Lf@F`@B\Dh@@h@B`@@nAGl@CAKE}AlF_KPYN[rB{D`Gi@jJjExFbBbB]AEU}@gBeHmOqE_@m@oDiFpNkCbBtF~HUFERMLKLM\a@PYR[P[Tg@Rk@Jc@FWBO@S@SAOAQESB?xKm@~DnZaAd@jKrDdCmD`@gInFsJnGyEFArFm@dDIx@nDVhABJt@dDjFrEXT\Xl@b@JD~@`@`A`@FBt@`@^ZTXJLNRNPP\R^Td@Rd@h@~AXbADXBT?F?FEb@OxFSdGDdBBbB@HBFFNNPl@f@v@n@n@d@~@x@p@f@HFJDJBF@D@??\???l@Cd@GFAXIXGHCv@[RIp@Y@?@AlAg@nAm@x@e@l@]rA{@b@Wr@c@hBiAx@a@h@Wx@a@TMpAk@~@a@VMt@[DC@?rC_AbA[fAWvBe@|Cs@~Bo@xAk@pAo@JG~@g@j@a@PMt@m@d@g@t@gAl@eAVm@FQBG^qADo@BY@_AAa@Aa@AI?AIoAMgAUeA_@gAAA?A[i@s@qA}@qAy@eAaAaAiAy@YQYOc@Si@SOGa@Oq@WiAi@uAw@OIe@WWUSOQOQOOQGIIKOWS]O_@Qo@CUEWKs@Gw@Ew@A}@@k@?U@s@@e@Be@RuA^oBXaATu@Xq@d@eAN[P[f@}@LSXe@j@w@Xi@Pe@Ni@He@DQHa@DU@KDo@@k@??@g@@i@Bi@?Q?g@@uA??AyA?]A_@EaAMeCG}@A]Ck@Ck@AyAAk@Bu@BUBUN_AJ]HKFKHMHIXY@Al@k@r@g@j@a@NERIb@M\E^EXC@?^AH@XBd@Dt@J??d[dEdAHfAF`BHfAF~@?fABp@AP???JAr@Aj@E`@G`@OTGHGHGTORSRYDKPYHSHSPa@Le@Lq@Hi@Bu@?m@Ei@CQCQGYGYc@yCQmASaBKcAI}@?A??C_A?[?S@O@_@??Ba@BIBWHa@DKBIDKDKNS^c@XSLKJIb@UzAi@rAa@zDy@vG_BpBg@lBc@hBe@TIpA]b@O~@]x@[\Kj@Yj@UvAq@fAm@FENI~@k@~@o@lBsAt@e@p@a@pAu@bAk@`Aa@HEv@_@nAa@h@SzLqD`ASt@K`@CRC??r@CN?j@@@???^Bb@HRDHBJDJBd@VPJPJ\RZRjAj@t@ZPFh@P~EzA??PuA??lDLbD_@hBUvAyA~AUv@MjAO`@GtASdBS\Ch@DtAJrDG??r@m@~@w@Z?nCE`Dr@d@J??pNlA@R@PDh@Fj@n@dJLxBF|@Bb@DbAQ~Lu@lFY|B??oB_@??}DtGgDrFiClD{ErFeAjACBq@`Kf`@n_@fCdC@@LJlKfKbAbFb@pDBLNtA^zFO`Fw@rGiDtOGZCLM~@Ix@CVUdBOpA@zA@bAMxA?rABv@@b@K`BSnAIf@Mf@U~@Y`AK`@_@hAQh@Uv@YbAc@nAGPa@|AEh@Gn@HjAf@fArAtCLXt@~Ar@xAVj@^J`AVpI|B@?bJa@@?fAqBFuALkDJeBDs@XyDZo@~@kBLSJUhDShCOn@CtD}Z`FnD|@`E|ClNVfA?@xBtTlCjDnCnD@?~KuP^cELwAt@mIjBWpASLRfEbGt@~BtBxGRxJ|InT@@@?fGdDvJlF?JAFG~CMxFsClIiAbDjEpDvAlAfDvCx@hQMtIaAlB}@dBVjAXpAh@`Dj@zBf@tBHTpE~K`AdEpBpEdB`Eg@xDc@lDC|@IhCQjFIrBClAA?eQsE}DtN?@{@jCwB|G{G`JhCrMjCvMzEdJx@lA`ClD|BnHdDxJdG~EuE|JhRdTrIlT??i@Sm@Q_AYa@Gi@G??w@GUCK?MAS?KAW@Q?aABe@Bs@FcAH{@Hy@FCKCMG[AEAAAEACACGQIQO[EIOUOSGGGKECGEKEEAMGA?MCCAC?W???E?I@G@C@KBMHEDEDSRyFhFGDmBzAq@h@}@p@OL_@Z[TMJk@b@GDm@^iExBgGzC{HnBiGzAuV~@}GI{FMw@CgXjG??IAcE{@{HaBi@KWGQE[G??????l@lIsFfHSpFB@LtGs@fB`AxG}NxFyK?qFoAsDy@GCcE_B}EoB_@MeGiC[M]w@sHyOkMgPaIgHgJ{N_EkDeE}BqBiAaHyDmSsIaNuKuEkD_P_SyD_CkEiCYQs@wA[m@Wg@sAkC]s@yL_Fe@SuAqEuCmFiAsBQ[uDyCiA}@KIi@c@RKtFyBb@QhEyDEQKSMOSWU[Y[WQWSA@[QUMMKe@c@Y]WYWe@MUI_@Q{@UqAOaAEGAKGOGKKMMIOE]Gi@Mq@OSGKESIuByBi@m@kAuAm@aAiCwDwBiDMOkC}DQWWc@Ue@Oe@PMtA_ArByAtB_B`@WPMPKVSJKLKFGFOFE`BcAXvAT~@J`AF~@VlANd@Z\@@\hBBABF?@BPNGb@UPIBALGHETM^QJEPGXIBATGDADA~AcAbCyAtB}AhBgBtB{B~@sAdA}BtA}CTe@`IyLnHqK|BoG`CmHFSnAuDv@wB?AxAoDvBqEdDaEnF}D_BaHiEmQr@k@eB_H}C}L{@sDGYe@qBc@_Du@aBeAa@kCdAUJaAoDiAn@aFnDeAcAEC]sAQ_@U]WQa@Mm@OUKUg@w@gB_AlB??iA{AyAiAuB}@_C?_BPwAh@k@f@cCkBcFnImA`BeAr@cMp@gNd@uCDoAr@k@l@uA~BiAlBlB~ClCnC`BnCr@~At@jDf@hEPdB`@fC`@rBfBbD`B~@r@r@n@f@bCR@PNV\`@d@Lp@nArGxPiG~D]YOMMMOKMMOKMMOMOKMKOMOMMKMMOKOMMKOMMKMMOMOKMM]YOMMKOMMKOMMKOMOMOM_Aq@AAAAKIOOOMOMQMOMOMQMUSOMAAu@dAQVEF@@[j@EFQ\KTIPMPMROPKNA@GOMRMNCCQLBHGHGDGDEDCBE@EDGDE@CBC?A@E?EUSDUDWDUDW?G@M?A?IAM?IAKAOCC?CASEUGUKQIA?UKQKKEAASKIEGCYOIEECAAMGGCIGA?ECAAIGGEA?QOQSIEIGMMEEAACCAAGEACGIKKEEMOCKCGGWAGCMI[Ki@CQAEAKE]AOCm@AYAGGwACYEeAmCV?TKm@O@O?a@Aq@?A?A?k@Aw@AK?oCAqDIGi@Ca@Ae@Eo@MGSAu@A[?EC]QwDcIyEK[`AqBtBaCY}@zDaAFJbBHrCn@rOFbBRrEPrEHxAh@rLq@HDtAt@jItAvHT~E[bEKfDEpAC`BUrEWxAOn@Pj@NLb@f@r@jABDp@xA~@vBpArCVd@V^R^NVp@x@lB`DN^DtAJnATn@j@p@b@^PLoCjFhAt@p@`C\JnAv@j@PpA?n@@nATBJN?`@JTDD@THHBFBPBH?J@LDH@B@NFXHHDHD@@NH@?JBJD@?@A@EJFJHFBB@VFD@^H@?h@JD@ZHTDPDLDJ@B@VFJBJBNDH@ZJZJD?LHLJJHBBTVBD@BJJ@@FHoDm@A?}Ds@aAQA?i@KgHq@OA{@I?IAI?EAGCE??CCA?ECA?KCMAKAW@i@@e@@Q@I@a@?KAGA[GUEU?MBOBOFMDS@M@Q?S?c@Aq@A}@?g@?q@CKA_@CYEGCIAICAAMEs@Sa@Gm@MKCWI[K]QUOWQEEA?KIm@k@SYS[GMAAOWg@gAYk@Ye@CGEEKKAAMGA?CAMCa@Ca@BW@OBUD]HSFYHk@P]FYF_@Dc@Bg@@gAF{CNG?O?I?WASCQGo@WWKUKUMGCAAIEEEMIQOOQQUg@s@MQOOQO[QUMWQ??UMCCWS]Ua@Ye@YGE[SYQUOSIOKCAMKKMOQSQUOSOQI[Os@_@CAOKGEKECAMCUGICKAICIAI?GAICg@ME?IAKCOAIAGASIWKECg@UCCm@[CCAAACIQ?AEIEIEGEEGEIGECA?CCOIkBy@MEOIWOa@Sy@[{Bo@e@Kg@MYIIEgA]YI_@IUEYGSCSCSE[K{Aa@q@MYEWEWEQAMA]EWCUEAAUGSGKEKEQIXiADS@EhByH`@cBzD}NkA_[t@yCvIqN~@yASgB}@{IqE}NkE}Io@kL?GaHOm@A{Gq@IAeAKaMoAc@GUEKCKCyAg@[M]O{@YeA]e@OYGYIe@Ma@Ig@KgDc@]E[CWAYCSAG?]?[Aa@@e@@[BOBQBODODSHq@T[NWLWNa@PWLA@UHUJQDSDUDUDQBc@DgAJi@DUBWBe@Be@@e@?U?K@a@?[?a@A[?UAYAYA]CWAa@Ce@CMAI?QAOAK?K?C?E@G@GBGBQLe@Zm@\]Pc@TWJ@M\}E`AgNTMFEq@q@{DyDFSJ]b@mA|@wAp@uA??EI}AsCkAm@oAq@ESEUIgA?AAEVEVCL?T@??vABvAF??,afduFpmnThCoAo@mC_@}Ay@gDx\kPlTaKaDqNWmAgDoPe@k@e@g@eCcAwOkA_D^ePpBh@rDXnAXlAx@hDv@jD}EdCeJfEiB~@yAr@}Bv@cCf@}ARw@JeBFkCJaBPiB\{Ad@cBl@gB|@}B`AeC`Ap@dB|@jDfB~HjBpHBL`E~PlA`GlQiJhCy@`Bc@vBQnCS`AYjAWlAi@`Bm@jCkA));((%7BosuFxzlTV%40%60%40%3Fz%40%40%3F%3Fl%40Al%40G%3F%3Ff%40Gp%40Qr%40U%60%40Qd%40WZURQ%3F%3FNSLSXq%40%5CaAZy%40L_%40Na%40Jg%40BS%40QB%5D%40_%40%40a%40A%5D%3FQ%3FOAM%3FGCQAIACAGEKEOCGEMCMA%3FCMCMEQ%3FIAE%3FCAE%3FQ%3F%3FAUA%5B%3FMGkA%3FUAc%40Ae%40Ag%40Am%40%3F%3FCe%40Go%40SuBIaAG%7D%40E%7B%40A%5BGsA%3Fc%40%40%5B%3F%5D%40g%40Bc%40Bc%40Be%40F%5DBQDSDQJWHQHOTYRQPK%5CSJELGJEHCNCN%3FR%40NBLDNHRNPNVV%60%40d%40p%40t%40j%40v%40tAdBhAxA~%40rAvAlB~%40hAJHjBxBvA%7CAhAhAbAbAr%40p%40%7C%40x%40r%40p%40t%40p%40%60Ax%40pAdAtAfAdAv%40n%40%60%40f%40%5Cf%40THD%5EPf%40P%5ELh%40Lf%40F%60%40B%5CDh%40%40h%40B%60%40%40nAGl%40CAKE%7DAlF_KPYN%5BrB%7BD%60Gi%40jJjExFbBbB%5DAEU%7D%40gBeHmOqE_%40m%40oDiFpNkCbBtF~HUFERMLKLM%5Ca%40PYR%5BP%5BTg%40Rk%40Jc%40FWBO%40S%40SAOAQESB%3FxKm%40~DnZaAd%40jKrDdCmD%60%40gInFsJnGyEFArFm%40dDIx%40nDVhABJt%40dDjFrEXT%5CXl%40b%40JD~%40%60%40%60A%60%40FBt%40%60%40%5EZTXJLNRNPP%5CR%5ETd%40Rd%40h%40~AXbADXBT%3FF%3FFEb%40OxFSdGDdBBbB%40HBFFNNPl%40f%40v%40n%40n%40d%40~%40x%40p%40f%40HFJDJBF%40D%40%3F%3F%5C%3F%3F%3Fl%40Cd%40GFAXIXGHCv%40%5BRIp%40Y%40%3F%40AlAg%40nAm%40x%40e%40l%40%5DrA%7B%40b%40Wr%40c%40hBiAx%40a%40h%40Wx%40a%40TMpAk%40~%40a%40VMt%40%5BDC%40%3FrC_AbA%5BfAWvBe%40%7CCs%40~Bo%40xAk%40pAo%40JG~%40g%40j%40a%40PMt%40m%40d%40g%40t%40gAl%40eAVm%40FQBG%5EqADo%40BY%40_AAa%40Aa%40AI%3FAIoAMgAUeA_%40gAAA%3FA%5Bi%40s%40qA%7D%40qAy%40eAaAaAiAy%40YQYOc%40Si%40SOGa%40Oq%40WiAi%40uAw%40OIe%40WWUSOQOQOOQGIIKOWS%5DO_%40Qo%40CUEWKs%40Gw%40Ew%40A%7D%40%40k%40%3FU%40s%40%40e%40Be%40RuA%5EoBXaATu%40Xq%40d%40eAN%5BP%5Bf%40%7D%40LSXe%40j%40w%40Xi%40Pe%40Ni%40He%40DQHa%40DU%40KDo%40%40k%40%3F%3F%40g%40%40i%40Bi%40%3FQ%3Fg%40%40uA%3F%3FAyA%3F%5DA_%40EaAMeCG%7D%40A%5DCk%40Ck%40AyAAk%40Bu%40BUBUN_AJ%5DHKFKHMHIXY%40Al%40k%40r%40g%40j%40a%40NERIb%40M%5CE%5EEXC%40%3F%5EAH%40XBd%40Dt%40J%3F%3Fd%5BdEdAHfAF%60BHfAF~%40%3FfABp%40AP%3F%3F%3FJAr%40Aj%40E%60%40G%60%40OTGHGHGTORSRYDKPYHSHSPa%40Le%40Lq%40Hi%40Bu%40%3Fm%40Ei%40CQCQGYGYc%40yCQmASaBKcAI%7D%40%3FA%3F%3FC_A%3F%5B%3FS%40O%40_%40%3F%3FBa%40BIBWHa%40DKBIDKDKNS%5Ec%40XSLKJIb%40UzAi%40rAa%40zDy%40vG_BpBg%40lBc%40hBe%40TIpA%5Db%40O~%40%5Dx%40%5B%5CKj%40Yj%40UvAq%40fAm%40FENI~%40k%40~%40o%40lBsAt%40e%40p%40a%40pAu%40bAk%40%60Aa%40HEv%40_%40nAa%40h%40SzLqD%60ASt%40K%60%40CRC%3F%3Fr%40CN%3Fj%40%40%40%3F%3F%3F%5EBb%40HRDHBJDJBd%40VPJPJ%5CRZRjAj%40t%40ZPFh%40P~EzA%3F%3FPuA%3F%3FlDLbD_%40hBUvAyA~AUv%40MjAO%60%40GtASdBS%5CCh%40DtAJrDG%3F%3Fr%40m%40~%40w%40Z%3FnCE%60Dr%40d%40J%3F%3FpNlA%40R%40PDh%40Fj%40n%40dJLxBF%7C%40Bb%40DbAQ~Lu%40lFY%7CB%3F%3FoB_%40%3F%3F%7DDtGgDrFiClD%7BErFeAjACBq%40%60Kf%60%40n_%40fCdC%40%40LJlKfKbAbFb%40pDBLNtA%5EzFO%60Fw%40rGiDtOGZCLM~%40Ix%40CVUdBOpA%40zA%40bAMxA%3FrABv%40%40b%40K%60BSnAIf%40Mf%40U~%40Y%60AK%60%40_%40hAQh%40Uv%40YbAc%40nAGPa%40%7CAEh%40Gn%40HjAf%40fArAtCLXt%40~Ar%40xAVj%40%5EJ%60AVpI%7CB%40%3FbJa%40%40%3FfAqBFuALkDJeBDs%40XyDZo%40~%40kBLSJUhDShCOn%40CtD%7DZ%60FnD%7C%40%60E%7CClNVfA%3F%40xBtTlCjDnCnD%40%3F~KuP%5EcELwAt%40mIjBWpASLRfEbGt%40~BtBxGRxJ%7CInT%40%40%40%3FfGdDvJlF%3FJAFG~CMxFsClIiAbDjEpDvAlAfDvCx%40hQMtIaAlB%7D%40dBVjAXpAh%40%60Dj%40zBf%40tBHTpE~K%60AdEpBpEdB%60Eg%40xDc%40lDC%7C%40IhCQjFIrBClAA%3FeQsE%7DDtN%3F%40%7B%40jCwB%7CG%7BG%60JhCrMjCvMzEdJx%40lA%60ClD%7CBnHdDxJdG~EuE%7CJhRdTrIlT%3F%3Fi%40Sm%40Q_AYa%40Gi%40G%3F%3Fw%40GUCK%3FMAS%3FKAW%40Q%3FaABe%40Bs%40FcAH%7B%40Hy%40FCKCMG%5BAEAAAEACACGQIQO%5BEIOUOSGGGKECGEKEEAMGA%3FMCCAC%3FW%3F%3F%3FE%3FI%40G%40C%40KBMHEDEDSRyFhFGDmBzAq%40h%40%7D%40p%40OL_%40Z%5BTMJk%40b%40GDm%40%5EiExBgGzC%7BHnBiGzAuV~%40%7DGI%7BFMw%40CgXjG%3F%3FIAcE%7B%40%7BHaBi%40KWGQE%5BG%3F%3F%3F%3F%3F%3Fl%40lIsFfHSpFB%40LtGs%40fB%60AxG%7DNxFyK%3FqFoAsDy%40GCcE_B%7DEoB_%40MeGiC%5BM%5Dw%40sHyOkMgPaIgHgJ%7BN_EkDeE%7DBqBiAaHyDmSsIaNuKuEkD_P_SyD_CkEiCYQs%40wA%5Bm%40Wg%40sAkC%5Ds%40yL_Fe%40SuAqEuCmFiAsBQ%5BuDyCiA%7D%40KIi%40c%40RKtFyBb%40QhEyDEQKSMOSWU%5BY%5BWQWSA%40%5BQUMMKe%40c%40Y%5DWYWe%40MUI_%40Q%7B%40UqAOaAEGAKGOGKKMMIOE%5DGi%40Mq%40OSGKESIuByBi%40m%40kAuAm%40aAiCwDwBiDMOkC%7DDQWWc%40Ue%40Oe%40PMtA_ArByAtB_B%60%40WPMPKVSJKLKFGFOFE%60BcAXvAT~%40J%60AF~%40VlANd%40Z%5C%40%40%5ChBBABF%3F%40BPNGb%40UPIBALGHETM%5EQJEPGXIBATGDADA~AcAbCyAtB%7DAhBgBtB%7BB~%40sAdA%7DBtA%7DCTe%40%60IyLnHqK%7CBoG%60CmHFSnAuDv%40wB%3FAxAoDvBqEdDaEnF%7DD_BaHiEmQr%40k%40eB_H%7DC%7DL%7B%40sDGYe%40qBc%40_Du%40aBeAa%40kCdAUJaAoDiAn%40aFnDeAcAEC%5DsAQ_%40U%5DWQa%40Mm%40OUKUg%40w%40gB_AlB%3F%3FiA%7BAyAiAuB%7D%40_C%3F_BPwAh%40k%40f%40cCkBcFnImA%60BeAr%40cMp%40gNd%40uCDoAr%40k%40l%40uA~BiAlBlB~ClCnC%60BnCr%40~At%40jDf%40hEPdB%60%40fC%60%40rBfBbD%60B~%40r%40r%40n%40f%40bCR%40PNV%5C%60%40d%40Lp%40nArGxPiG~D%5DYOMMMOKMMOKMMOMOKMKOMOMMKMMOKOMMKOMMKMMOMOKMM%5DYOMMKOMMKOMMKOMOMOM_Aq%40AAAAKIOOOMOMQMOMOMQMUSOMAAu%40dAQVEF%40%40%5Bj%40EFQ%5CKTIPMPMROPKNA%40GOMRMNCCQLBHGHGDGDEDCBE%40EDGDE%40CBC%3FA%40E%3FEUSDUDWDUDW%3FG%40M%3FA%3FIAM%3FIAKAOCC%3FCASEUGUKQIA%3FUKQKKEAASKIEGCYOIEECAAMGGCIGA%3FECAAIGGEA%3FQOQSIEIGMMEEAACCAAGEACGIKKEEMOCKCGGWAGCMI%5BKi%40CQAEAKE%5DAOCm%40AYAGGwACYEeAmCV%3FTKm%40O%40O%3Fa%40Aq%40%3FA%3FA%3Fk%40Aw%40AK%3FoCAqDIGi%40Ca%40Ae%40Eo%40MGSAu%40A%5B%3FEC%5DQwDcIyEK%5B%60AqBtBaCY%7D%40zDaAFJbBHrCn%40rOFbBRrEPrEHxAh%40rLq%40HDtAt%40jItAvHT~E%5BbEKfDEpAC%60BUrEWxAOn%40Pj%40NLb%40f%40r%40jABDp%40xA~%40vBpArCVd%40V%5ER%5ENVp%40x%40lB%60DN%5EDtAJnATn%40j%40p%40b%40%5EPLoCjFhAt%40p%40%60C%5CJnAv%40j%40PpA%3Fn%40%40nATBJN%3F%60%40JTDD%40THHBFBPBH%3FJ%40LDH%40B%40NFXHHDHD%40%40NH%40%3FJBJD%40%3F%40A%40EJFJHFBB%40VFD%40%5EH%40%3Fh%40JD%40ZHTDPDLDJ%40B%40VFJBJBNDH%40ZJZJD%3FLHLJJHBBTVBD%40BJJ%40%40FHoDm%40A%3F%7DDs%40aAQA%3Fi%40KgHq%40OA%7B%40I%3FIAI%3FEAGCE%3F%3FCCA%3FECA%3FKCMAKAW%40i%40%40e%40%40Q%40I%40a%40%3FKAGA%5BGUEU%3FMBOBOFMDS%40M%40Q%3FS%3Fc%40Aq%40A%7D%40%3Fg%40%3Fq%40CKA_%40CYEGCIAICAAMEs%40Sa%40Gm%40MKCWI%5BK%5DQUOWQEEA%3FKIm%40k%40SYS%5BGMAAOWg%40gAYk%40Ye%40CGEEKKAAMGA%3FCAMCa%40Ca%40BW%40OBUD%5DHSFYHk%40P%5DFYF_%40Dc%40Bg%40%40gAF%7BCNG%3FO%3FI%3FWASCQGo%40WWKUKUMGCAAIEEEMIQOOQQUg%40s%40MQOOQO%5BQUMWQ%3F%3FUMCCWS%5DUa%40Ye%40YGE%5BSYQUOSIOKCAMKKMOQSQUOSOQI%5BOs%40_%40CAOKGEKECAMCUGICKAICIAI%3FGAICg%40ME%3FIAKCOAIAGASIWKECg%40UCCm%40%5BCCAAACIQ%3FAEIEIEGEEGEIGECA%3FCCOIkBy%40MEOIWOa%40Sy%40%5B%7BBo%40e%40Kg%40MYIIEgA%5DYI_%40IUEYGSCSCSE%5BK%7BAa%40q%40MYEWEWEQAMA%5DEWCUEAAUGSGKEKEQIXiADS%40EhByH%60%40cBzD%7DNkA_%5Bt%40yCvIqN~%40yASgB%7D%40%7BIqE%7DNkE%7DIo%40kL%3FGaHOm%40A%7BGq%40IAeAKaMoAc%40GUEKCKCyAg%40%5BM%5DO%7B%40YeA%5De%40OYGYIe%40Ma%40Ig%40KgDc%40%5DE%5BCWAYCSAG%3F%5D%3F%5BAa%40%40e%40%40%5BBOBQBODODSHq%40T%5BNWLWNa%40PWLA%40UHUJQDSDUDUDQBc%40DgAJi%40DUBWBe%40Be%40%40e%40%3FU%3FK%40a%40%3F%5B%3Fa%40A%5B%3FUAYAYA%5DCWAa%40Ce%40CMAI%3FQAOAK%3FK%3FC%3FE%40G%40GBGBQLe%40Zm%40%5C%5DPc%40TWJ%40M%5C%7DE%60AgNTMFEq%40q%40%7BDyDFSJ%5Db%40mA%7C%40wAp%40uA%3F%3FEI%7DAsCkAm%40oAq%40ESEUIgA%3FAAEVEVCL%3FT%40%3F%3FvABvAF%3F%3F%2CafduFpmnThCoAo%40mC_%40%7DAy%40gDx%5CkPlTaKaDqNWmAgDoPe%40k%40e%40g%40eCcAwOkA_D%5EePpBh%40rDXnAXlAx%40hDv%40jD%7DEdCeJfEiB~%40yAr%40%7DBv%40cCf%40%7DARw%40JeBFkCJaBPiB%5C%7BAd%40cBl%40gB%7C%40%7DB%60AeC%60Ap%40dB%7C%40jDfB~HjBpHBL%60E~PlA%60GlQiJhCy%40%60Bc%40vBQnCS%60AYjAWlAi%40%60Bm%40jCkA))
3838;2812301002;Rivas-Vaciamadrid;ggiuFdzsTtBxBRHJDRFp@Nh@L\FNDLHJLFJFN@JDFN`ATpAPz@H^LTVd@VXX\d@b@LJTLZP@AVRVPXZTZRVLNJRDPiExDc@PuFxBSJ]Ya@GoAQGGIGMICEECICGCEAEAECCACAGOACKUKYGMEKCICGEGCGIMIMMO[i@kAsBKUEQCEACWi@Q]ACi@eAEMCCMYAAGOYi@CIEGACCGO]IOAAKUMWOYEKIQAAa@u@Q]Ue@GOEICGEGAGMUEKCEO[u@}Am@q@b@TVJzBhA`ExBNFPHPFL@N@J?LCBABA\Sv@k@r@k@v@m@;((ggiuFdzsTtBxBRHJDRFp@Nh@L\FNDLHJLFJFN@JDFN`ATpAPz@H^LTVd@VXX\d@b@LJTLZP@AVRVPXZTZRVLNJRDPiExDc@PuFxBSJ]Ya@GoAQGGIGMICEECICGCEAEAECCACAGOACKUKYGMEKCICGEGCGIMIMMO[i@kAsBKUEQCEACWi@Q]ACi@eAEMCCMYAAGOYi@CIEGACCGO]IOAAKUMWOYEKIQAAa@u@Q]Ue@GOEICGEGAGMUEKCEO[u@}Am@q@b@TVJzBhA`ExBNFPHPFL@N@J?LCBABA\Sv@k@r@k@v@m@));((ggiuFdzsTtBxBRHJDRFp%40Nh%40L%5CFNDLHJLFJFN%40JDFN%60ATpAPz%40H%5ELTVd%40VXX%5Cd%40b%40LJTLZP%40AVRVPXZTZRVLNJRDPiExDc%40PuFxBSJ%5DYa%40GoAQGGIGMICEECICGCEAEAECCACAGOACKUKYGMEKCICGEGCGIMIMMO%5Bi%40kAsBKUEQCEACWi%40Q%5DACi%40eAEMCCMYAAGOYi%40CIEGACCGO%5DIOAAKUMWOYEKIQAAa%40u%40Q%5DUe%40GOEICGEGAGMUEKCEO%5Bu%40%7DAm%40q%40b%40TVJzBhA%60ExBNFPHPFL%40N%40J%3FLCBABA%5CSv%40k%40r%40k%40v%40m%40))
3839;2812301003;Rivas-Vaciamadrid;ehkuF~~sTPD`BVL@^JPFLHJFJFRLRL\`@b@d@\b@j@n@KPMVIZIXMZQX^rAFVDHa@IGt@GAk@vEKIMKMIE?[K[KIAOEKCKCWGCAKAMEQEUE[IEAi@KA?_@IEAWGCAGCKIKGADA@A?KEKCA?OIAAIEIEYIOGCAIAMEKAI?QCGCICUIEAUEa@KO?CKhGeH`BkBvAiB;((ehkuF~~sTPD`BVL@^JPFLHJFJFRLRL\`@b@d@\b@j@n@KPMVIZIXMZQX^rAFVDHa@IGt@GAk@vEKIMKMIE?[K[KIAOEKCKCWGCAKAMEQEUE[IEAi@KA?_@IEAWGCAGCKIKGADA@A?KEKCA?OIAAIEIEYIOGCAIAMEKAI?QCGCICUIEAUEa@KO?CKhGeH`BkBvAiB));((ehkuF~~sTPD%60BVL%40%5EJPFLHJFJFRLRL%5C%60%40b%40d%40%5Cb%40j%40n%40KPMVIZIXMZQX%5ErAFVDHa%40IGt%40GAk%40vEKIMKMIE%3F%5BK%5BKIAOEKCKCWGCAKAMEQEUE%5BIEAi%40KA%3F_%40IEAWGCAGCKIKGADA%40A%3FKEKCA%3FOIAAIEIEYIOGCAIAMEKAI%3FQCGCICUIEAUEa%40KO%3FCKhGeH%60BkBvAiB))
3840;2812301004;Rivas-Vaciamadrid;}}juFzssT`IaJZY@J@T@N@HFPBLFVn@bClApFNj@DJHJRTa@N}@X}@^_@VWVyApAcAx@MNSToAtBk@o@]c@c@e@]a@SMSMKGKGMIQG_@KMAaBWQEfIcJ;((}}juFzssT`IaJZY@J@T@N@HFPBLFVn@bClApFNj@DJHJRTa@N}@X}@^_@VWVyApAcAx@MNSToAtBk@o@]c@c@e@]a@SMSMKGKGMIQG_@KMAaBWQEfIcJ));((%7D%7DjuFzssT%60IaJZY%40J%40T%40N%40HFPBLFVn%40bClApFNj%40DJHJRTa%40N%7D%40X%7D%40%5E_%40VWVyApAcAx%40MNSToAtBk%40o%40%5Dc%40c%40e%40%5Da%40SMSMKGKGMIQG_%40KMAaBWQEfIcJ))
3841;2812301005;Rivas-Vaciamadrid;gyjuFrhrTvB`Gv@xBnAjDlEwEnEuEjB~DdDxJNd@Td@Vb@PVjC|DO@W@aAGwEs@}@KkB]iAOEA_AIg@?aAB_ANy@VeAh@]X[XaI`JECGCGG_@Uk@a@_@UYSEC??YQYSKIKIYQAACAUOYSYS[SCCSKIIOIWQECUc@EGMUACGIIOQ]S[S]CGQ[ACACAEAGESGa@AMCKEYCQCYEQ?CCKzWqR;((gyjuFrhrTvB`Gv@xBnAjDlEwEnEuEjB~DdDxJNd@Td@Vb@PVjC|DO@W@aAGwEs@}@KkB]iAOEA_AIg@?aAB_ANy@VeAh@]X[XaI`JECGCGG_@Uk@a@_@UYSEC??YQYSKIKIYQAACAUOYSYS[SCCSKIIOIWQECUc@EGMUACGIIOQ]S[S]CGQ[ACACAEAGESGa@AMCKEYCQCYEQ?CCKzWqR));((gyjuFrhrTvB%60Gv%40xBnAjDlEwEnEuEjB~DdDxJNd%40Td%40Vb%40PVjC%7CDO%40W%40aAGwEs%40%7D%40KkB%5DiAOEA_AIg%40%3FaAB_ANy%40VeAh%40%5DX%5BXaI%60JECGCGG_%40Uk%40a%40_%40UYSEC%3F%3FYQYSKIKIYQAACAUOYSYS%5BSCCSKIIOIWQECUc%40EGMUACGIIOQ%5DS%5BS%5DCGQ%5BACACAEAGESGa%40AMCKEYCQCYEQ%3FCCKzWqR))
3842;2812301006;Rivas-Vaciamadrid;_ejuF~fpTl@dBRl@d@nAj@zAlAjDxA~DtAvBz@tC{BlBvLzh@GDGNGFMJKJWRQJQLa@VuB~AsBxAuA~@QLeDyJkB_EeA}BOQKWUa@KWMe@kB_EwCiHIYCMmBcG{BsHmBoGpAaAd@]XQvG}EzH{F;((_ejuF~fpTl@dBRl@d@nAj@zAlAjDxA~DtAvBz@tC{BlBvLzh@GDGNGFMJKJWRQJQLa@VuB~AsBxAuA~@QLeDyJkB_EeA}BOQKWUa@KWMe@kB_EwCiHIYCMmBcG{BsHmBoGpAaAd@]XQvG}EzH{F));((_ejuF~fpTl%40dBRl%40d%40nAj%40zAlAjDxA~DtAvBz%40tC%7BBlBvLzh%40GDGNGFMJKJWRQJQLa%40VuB~AsBxAuA~%40QLeDyJkB_EeA%7DBOQKWUa%40KWMe%40kB_EwCiHIYCMmBcG%7BBsHmBoGpAaAd%40%5DXQvG%7DEzH%7BF))
3843;2812301007;Rivas-Vaciamadrid;w{juFdgtTnAuBRULObAy@^z@dA`BPV|A`CHL`BiBHJDFDFFBD@JEHKLMFMLMJKHGd@z@jBNJEDEFEDIDGDK@IBM@I@EAGACCIVTTTxA|CtAjDFJHLJNHHFJRRNNPLNHFDHHDDRV@AfHiCJTjArBZh@LNHLHLBFDFBFBHDJFLJXJT@BFNB@B@DBD@D@FBHBDBBDLHHFFFiEm@QCuMIsHMc@Aq@AQ?]?s@@cC@W?eB?w@@oA?kASsAUc@IqAUIAAAGIAAKKACCEUWCCj@wEF@Fu@`@HEIGW_@sAPYL[HYH[LWJQ;((w{juFdgtTnAuBRULObAy@^z@dA`BPV|A`CHL`BiBHJDFDFFBD@JEHKLMFMLMJKHGd@z@jBNJEDEFEDIDGDK@IBM@I@EAGACCIVTTTxA|CtAjDFJHLJNHHFJRRNNPLNHFDHHDDRV@AfHiCJTjArBZh@LNHLHLBFDFBFBHDJFLJXJT@BFNB@B@DBD@D@FBHBDBBDLHHFFFiEm@QCuMIsHMc@Aq@AQ?]?s@@cC@W?eB?w@@oA?kASsAUc@IqAUIAAAGIAAKKACCEUWCCj@wEF@Fu@`@HEIGW_@sAPYL[HYH[LWJQ));((w%7BjuFdgtTnAuBRULObAy%40%5Ez%40dA%60BPV%7CA%60CHL%60BiBHJDFDFFBD%40JEHKLMFMLMJKHGd%40z%40jBNJEDEFEDIDGDK%40IBM%40I%40EAGACCIVTTTxA%7CCtAjDFJHLJNHHFJRRNNPLNHFDHHDDRV%40AfHiCJTjArBZh%40LNHLHLBFDFBFBHDJFLJXJT%40BFNB%40B%40DBD%40D%40FBHBDBBDLHHFFFiEm%40QCuMIsHMc%40Aq%40AQ%3F%5D%3Fs%40%40cC%40W%3FeB%3Fw%40%40oA%3FkASsAUc%40IqAUIAAAGIAAKKACCEUWCCj%40wEF%40Fu%40%60%40HEIGW_%40sAPYL%5BHYH%5BLWJQ))
3844;2812301008;Rivas-Vaciamadrid;q~kuFhjoTpDHnC@J?v@@j@@@?@?p@?`@@N?NAJl@?UlCWDdABXFvA@F@XBl@@ND\@J@DBPJh@HZBL@FFVBFBJLNDDJJFH@BFD@@BB@@DDLLHFHDPRPN@?FDHF@@DB@?HFFBLF@@DBHDXNFBHDRJ@@JDPJTJ@?PHTJTFRDB@B?NBJ@H@L?H@@?L?FAV?TEVETEREDTD?@AB?BCDAFEDEDABCDEFEFEFICIPMBBLOLSFN@AJONQLSLQHQJUP]DGZk@AADGPWt@eA@@NLTRPLNLNLPLNLNLNNJH@@@@Qb@e@dA~@p@`@Zl@h@QL[T]VeBnA{HzFwG|EYPe@\qA`Ac@gA]i@e@m@k@i@s@_@m@Si@Me@?{@DiAV[HE@QFuC`BeCnA[La@Dm@F{@BaACcACw@FgBXuCZE_@WmBGc@OkA_@sC_@{CYqBMe@p@I~AMdFc@zAQr@KPCYuHW}FAEAA?aAA]AWC]IY;((q~kuFhjoTpDHnC@J?v@@j@@@?@?p@?`@@N?NAJl@?UlCWDdABXFvA@F@XBl@@ND\@J@DBPJh@HZBL@FFVBFBJLNDDJJFH@BFD@@BB@@DDLLHFHDPRPN@?FDHF@@DB@?HFFBLF@@DBHDXNFBHDRJ@@JDPJTJ@?PHTJTFRDB@B?NBJ@H@L?H@@?L?FAV?TEVETEREDTD?@AB?BCDAFEDEDABCDEFEFEFICIPMBBLOLSFN@AJONQLSLQHQJUP]DGZk@AADGPWt@eA@@NLTRPLNLNLPLNLNLNNJH@@@@Qb@e@dA~@p@`@Zl@h@QL[T]VeBnA{HzFwG|EYPe@\qA`Ac@gA]i@e@m@k@i@s@_@m@Si@Me@?{@DiAV[HE@QFuC`BeCnA[La@Dm@F{@BaACcACw@FgBXuCZE_@WmBGc@OkA_@sC_@{CYqBMe@p@I~AMdFc@zAQr@KPCYuHW}FAEAA?aAA]AWC]IY));((q~kuFhjoTpDHnC%40J%3Fv%40%40j%40%40%40%3F%40%3Fp%40%3F%60%40%40N%3FNAJl%40%3FUlCWDdABXFvA%40F%40XBl%40%40ND%5C%40J%40DBPJh%40HZBL%40FFVBFBJLNDDJJFH%40BFD%40%40BB%40%40DDLLHFHDPRPN%40%3FFDHF%40%40DB%40%3FHFFBLF%40%40DBHDXNFBHDRJ%40%40JDPJTJ%40%3FPHTJTFRDB%40B%3FNBJ%40H%40L%3FH%40%40%3FL%3FFAV%3FTEVETEREDTD%3F%40AB%3FBCDAFEDEDABCDEFEFEFICIPMBBLOLSFN%40AJONQLSLQHQJUP%5DDGZk%40AADGPWt%40eA%40%40NLTRPLNLNLPLNLNLNNJH%40%40%40%40Qb%40e%40dA~%40p%40%60%40Zl%40h%40QL%5BT%5DVeBnA%7BHzFwG%7CEYPe%40%5CqA%60Ac%40gA%5Di%40e%40m%40k%40i%40s%40_%40m%40Si%40Me%40%3F%7B%40DiAV%5BHE%40QFuC%60BeCnA%5BLa%40Dm%40F%7B%40BaACcACw%40FgBXuCZE_%40WmBGc%40OkA_%40sC_%40%7BCYqBMe%40p%40I~AMdFc%40zAQr%40KPCYuHW%7DFAEAA%3FaAA%5DAWC%5DIY))
3845;2812301009;Rivas-Vaciamadrid;w|iuFbwsTl@p@t@|ANZBDDJLT@FDFBFDHFNTd@P\`@t@@@HPDJNXLVJT@@HNN\BF@BDFBHXh@FN@@LXBBDLh@dA@BP\Vh@@BBDDPgHhCA@SWEEIIGEOIQMOOSSGKIIKOIMGKuAkDyA}CUUWUcBoAQSoAsAU[iBcCpAW|Ac@x@Uj@SPCl@I`@E@?P@R?P@FB~@P;((w|iuFbwsTl@p@t@|ANZBDDJLT@FDFBFDHFNTd@P\`@t@@@HPDJNXLVJT@@HNN\BF@BDFBHXh@FN@@LXBBDLh@dA@BP\Vh@@BBDDPgHhCA@SWEEIIGEOIQMOOSSGKIIKOIMGKuAkDyA}CUUWUcBoAQSoAsAU[iBcCpAW|Ac@x@Uj@SPCl@I`@E@?P@R?P@FB~@P));((w%7CiuFbwsTl%40p%40t%40%7CANZBDDJLT%40FDFBFDHFNTd%40P%5C%60%40t%40%40%40HPDJNXLVJT%40%40HNN%5CBF%40BDFBHXh%40FN%40%40LXBBDLh%40dA%40BP%5CVh%40%40BBDDPgHhCA%40SWEEIIGEOIQMOOSSGKIIKOIMGKuAkDyA%7DCUUWUcBoAQSoAsAU%5BiBcCpAW%7CAc%40x%40Uj%40SPCl%40I%60%40E%40%3FP%40R%3FP%40FB~%40P))
3846;2812301010;Rivas-Vaciamadrid;{tiuFlhsTLNvBhDhCvDl@`AjAtAh@l@w@l@s@j@w@j@]RC@C@MBK?OAMAQGQIOGaEyB{BiAWKc@U[]aHsNXBQe@IUD@hANjB\|@JvEr@`AFVANA;(({tiuFlhsTLNvBhDhCvDl@`AjAtAh@l@w@l@s@j@w@j@]RC@C@MBK?OAMAQGQIOGaEyB{BiAWKc@U[]aHsNXBQe@IUD@hANjB\|@JvEr@`AFVANA));((%7BtiuFlhsTLNvBhDhCvDl%40%60AjAtAh%40l%40w%40l%40s%40j%40w%40j%40%5DRC%40C%40MBK%3FOAMAQGQIOGaEyB%7BBiAWKc%40U%5B%5DaHsNXBQe%40IUD%40hANjB%5C%7C%40JvEr%40%60AFVANA))
3847;2812301011;Rivas-Vaciamadrid;qljuFbzsThBbCTZnArAPRbBnABH@B@FADAHCLAHEJEFEHGDEDKDkBOe@{@IFKJMLGLMLIJKDEAGCEGEGIKaBhBIM}AaCQWeAaB_@{@xAqAVW^W|@_@|@Y`@O;((qljuFbzsThBbCTZnArAPRbBnABH@B@FADAHCLAHEJEFEHGDEDKDkBOe@{@IFKJMLGLMLIJKDEAGCEGEGIKaBhBIM}AaCQWeAaB_@{@xAqAVW^W|@_@|@Y`@O));((qljuFbzsThBbCTZnArAPRbBnABH%40B%40FADAHCLAHEJEFEHGDEDKDkBOe%40%7B%40IFKJMLGLMLIJKDEAGCEGEGIKaBhBIM%7DAaCQWeAaB_%40%7B%40xAqAVW%5EW%7C%40_%40%7C%40Y%60%40O))
3848;2812301012;Rivas-Vaciamadrid;ehluFxzpTtC[fBYv@GbAB`ABz@Cl@G`@EZMdCoAtCaBPGDAZIhAWz@Ed@?h@Ll@Rr@^j@h@d@l@\h@b@fAlBnGzBrHlBbGBLHXvChHjB~DLd@JVT`@JVNPdA|BoEtEmEvEoAkDw@yBwBaG?AwBcG{@_CyA}DcAuCoAmDuB_GgAz@c@VeBpAkA|@[NeBpAo@f@EKESIMAA@A[_@][SKMGc@Oe@MSEQG[IKCQESGCAc@Qe@[WWGI_@g@GMEIKQSi@?EOq@Mu@Is@f@MHASuA;((ehluFxzpTtC[fBYv@GbAB`ABz@Cl@G`@EZMdCoAtCaBPGDAZIhAWz@Ed@?h@Ll@Rr@^j@h@d@l@\h@b@fAlBnGzBrHlBbGBLHXvChHjB~DLd@JVT`@JVNPdA|BoEtEmEvEoAkDw@yBwBaG?AwBcG{@_CyA}DcAuCoAmDuB_GgAz@c@VeBpAkA|@[NeBpAo@f@EKESIMAA@A[_@][SKMGc@Oe@MSEQG[IKCQESGCAc@Qe@[WWGI_@g@GMEIKQSi@?EOq@Mu@Is@f@MHASuA));((ehluFxzpTtC%5BfBYv%40GbAB%60ABz%40Cl%40G%60%40EZMdCoAtCaBPGDAZIhAWz%40Ed%40%3Fh%40Ll%40Rr%40%5Ej%40h%40d%40l%40%5Ch%40b%40fAlBnGzBrHlBbGBLHXvChHjB~DLd%40JVT%60%40JVNPdA%7CBoEtEmEvEoAkDw%40yBwBaG%3FAwBcG%7B%40_CyA%7DDcAuCoAmDuB_GgAz%40c%40VeBpAkA%7C%40%5BNeBpAo%40f%40EKESIMAA%40A%5B_%40%5D%5BSKMGc%40Oe%40MSEQG%5BIKCQESGCAc%40Qe%40%5BWWGI_%40g%40GMEIKQSi%40%3FEOq%40Mu%40Is%40f%40MHASuA))
3849;2812301013;Rivas-Vaciamadrid;wwluF|}pTpAOrDc@b@GfEg@RtAI@g@LHr@Lt@Np@?DRh@JPDHFL^f@FHVVd@Zb@PB@RFPDJBZHPFRDd@Lb@NLFRJ\ZZ^A@@@HLDRDJFNRf@@C?VnBpFBFHCRj@DJEh@G|@E~@G`ACb@?@APEf@Cd@CJADC^UfEZ`CDD_LxBKw@w@eCy@yAkA]wA]iJkADqAJgDZcEU_FuAwHu@kIEuAp@I;((wwluF|}pTpAOrDc@b@GfEg@RtAI@g@LHr@Lt@Np@?DRh@JPDHFL^f@FHVVd@Zb@PB@RFPDJBZHPFRDd@Lb@NLFRJ\ZZ^A@@@HLDRDJFNRf@@C?VnBpFBFHCRj@DJEh@G|@E~@G`ACb@?@APEf@Cd@CJADC^UfEZ`CDD_LxBKw@w@eCy@yAkA]wA]iJkADqAJgDZcEU_FuAwHu@kIEuAp@I));((wwluF%7C%7DpTpAOrDc%40b%40GfEg%40RtAI%40g%40LHr%40Lt%40Np%40%3FDRh%40JPDHFL%5Ef%40FHVVd%40Zb%40PB%40RFPDJBZHPFRDd%40Lb%40NLFRJ%5CZZ%5EA%40%40%40HLDRDJFNRf%40%40C%3FVnBpFBFHCRj%40DJEh%40G%7C%40E~%40G%60ACb%40%3F%40APEf%40Cd%40CJADC%5EUfEZ%60CDD_LxBKw%40w%40eCy%40yAkA%5DwA%5DiJkADqAJgDZcEU_FuAwHu%40kIEuAp%40I))
3850;2812301014;Rivas-Vaciamadrid;q~kuFhjoTHXB\@V@\?`A@@@DV|FXtHQBs@J{APeFb@_BLq@HLd@XpB^zC^rCNjAFb@VlBD^gEf@c@FsDb@qANi@sLIyAQsESsEGcBo@sOIsCKcB`AG|@{D`CXpBuBZaAxEJvDbI\PDBZ?t@@R@LFDn@@d@B`@Fh@;((q~kuFhjoTHXB\@V@\?`A@@@DV|FXtHQBs@J{APeFb@_BLq@HLd@XpB^zC^rCNjAFb@VlBD^gEf@c@FsDb@qANi@sLIyAQsESsEGcBo@sOIsCKcB`AG|@{D`CXpBuBZaAxEJvDbI\PDBZ?t@@R@LFDn@@d@B`@Fh@));((q~kuFhjoTHXB%5C%40V%40%5C%3F%60A%40%40%40DV%7CFXtHQBs%40J%7BAPeFb%40_BLq%40HLd%40XpB%5EzC%5ErCNjAFb%40VlBD%5EgEf%40c%40FsDb%40qANi%40sLIyAQsESsEGcBo%40sOIsCKcB%60AG%7C%40%7BD%60CXpBuBZaAxEJvDbI%5CPDBZ%3Ft%40%40R%40LFDn%40%40d%40B%60%40Fh%40))
3851;2812301015;Rivas-Vaciamadrid;wfjuFxdsTHTPd@YC`HrNZ\_AQGCQAS?QAA?a@Dm@HQBk@Ry@T}Ab@qAVSUIKEKOk@mAqFo@cCGWCMGQAIAOAUAK\YdAi@x@W~@O`ACf@?~@H;((wfjuFxdsTHTPd@YC`HrNZ\_AQGCQAS?QAA?a@Dm@HQBk@Ry@T}Ab@qAVSUIKEKOk@mAqFo@cCGWCMGQAIAOAUAK\YdAi@x@W~@O`ACf@?~@H));((wfjuFxdsTHTPd%40YC%60HrNZ%5C_AQGCQAS%3FQAA%3Fa%40Dm%40HQBk%40Ry%40T%7DAb%40qAVSUIKEKOk%40mAqFo%40cCGWCMGQAIAOAUAK%5CYdAi%40x%40W~%40O%60ACf%40%3F~%40H))
3852;2812301016;Rivas-Vaciamadrid;a_cuFb|kTd@j@fDnPVlAwB`AWiAeCjAyEzBcFdCkFdCeGvCeAeE{@qDi@}Bc@wBnd@_T;((a_cuFb|kTd@j@fDnPVlAwB`AWiAeCjAyEzBcFdCkFdCeGvCeAeE{@qDi@}Bc@wBnd@_T));((a_cuFb%7CkTd%40j%40fDnPVlAwB%60AWiAeCjAyEzBcFdCkFdCeGvCeAeE%7B%40qDi%40%7DBc%40wBnd%40_T))
3853;2812301017;Rivas-Vaciamadrid;qviuFxdqT{@uC|DiCl@e@|EqDhA{@`DaCz@dCxAdEPd@|ApEvB`GJXbBbExAvDdAzCuX|Rs@d@aBbAwL{h@zBmB;((qviuFxdqT{@uC|DiCl@e@|EqDhA{@`DaCz@dCxAdEPd@|ApEvB`GJXbBbExAvDdAzCuX|Rs@d@aBbAwL{h@zBmB));((qviuFxdqT%7B%40uC%7CDiCl%40e%40%7CEqDhA%7B%40%60DaCz%40dCxAdEPd%40%7CApEvB%60GJXbBbExAvDdAzCuX%7CRs%40d%40aBbAwL%7Bh%40zBmB))
3854;2812301018;Rivas-Vaciamadrid;ebjuFp{oT~@p@NLNLNLLJNLLJNLLJNL\XLLNJNLLLLJNLLJNLNJLLLJNLNLLJNJNLLLNJLLNJLLNL\XhG_EsGyPq@oAe@M]a@j@y@\k@DIBKBM@K@M?MAMCKzAmARIRGPETERARAR?R@RBRDRFtCpArCrAtCrAfJnEK^K\c@fAeAvCy@tAeA~AwKtJaD`CiAz@}EpDm@d@}DhCuAwByA_EmAkDk@{Ae@oASm@m@eBdBoA\WZUPMm@i@a@[_Aq@d@eAPc@;((ebjuFp{oT~@p@NLNLNLLJNLLJNLLJNL\XLLNJNLLLLJNLLJNLNJLLLJNLNLLJNJNLLLNJLLNJLLNL\XhG_EsGyPq@oAe@M]a@j@y@\k@DIBKBM@K@M?MAMCKzAmARIRGPETERARAR?R@RBRDRFtCpArCrAtCrAfJnEK^K\c@fAeAvCy@tAeA~AwKtJaD`CiAz@}EpDm@d@}DhCuAwByA_EmAkDk@{Ae@oASm@m@eBdBoA\WZUPMm@i@a@[_Aq@d@eAPc@));((ebjuFp%7BoT~%40p%40NLNLNLLJNLLJNLLJNL%5CXLLNJNLLLLJNLLJNLNJLLLJNLNLLJNJNLLLNJLLNJLLNL%5CXhG_EsGyPq%40oAe%40M%5Da%40j%40y%40%5Ck%40DIBKBM%40K%40M%3FMAMCKzAmARIRGPETERARAR%3FR%40RBRDRFtCpArCrAtCrAfJnEK%5EK%5Cc%40fAeAvCy%40tAeA~AwKtJaD%60CiAz%40%7DEpDm%40d%40%7DDhCuAwByA_EmAkDk%40%7BAe%40oASm%40m%40eBdBoA%5CWZUPMm%40i%40a%40%5B_Aq%40d%40eAPc%40))
3855;2812301019;Rivas-Vaciamadrid;}mhuFxtoT@CXkAl@cCvBfApOrKhCvB@@oCjJiArC}C|GwA|BeBxBeCpCkB`BsAkDsFhEKYwBaG}AqEQe@yAeE{@eCvKuJdA_Bx@uAdAwCb@gAJ]J_@;((}mhuFxtoT@CXkAl@cCvBfApOrKhCvB@@oCjJiArC}C|GwA|BeBxBeCpCkB`BsAkDsFhEKYwBaG}AqEQe@yAeE{@eCvKuJdA_Bx@uAdAwCb@gAJ]J_@));((%7DmhuFxtoT%40CXkAl%40cCvBfApOrKhCvB%40%40oCjJiArC%7DC%7CGwA%7CBeBxBeCpCkB%60BsAkDsFhEKYwBaG%7DAqEQe%40yAeE%7B%40eCvKuJdA_Bx%40uAdAwCb%40gAJ%5DJ_%40))
3856;2812301020;Rivas-Vaciamadrid;kpduFbomTbA|EhCkA|@lDz@fD@@x@fD^|An@lCiCnAkCjAaBl@mAh@kAVaAXoCRwBPaBb@iCx@mQhJmAaGaE_QbHaDhP{HvHuDxH}DP@;((kpduFbomTbA|EhCkA|@lDz@fD@@x@fD^|An@lCiCnAkCjAaBl@mAh@kAVaAXoCRwBPaBb@iCx@mQhJmAaGaE_QbHaDhP{HvHuDxH}DP@));((kpduFbomTbA%7CEhCkA%7C%40lDz%40fD%40%40x%40fD%5E%7CAn%40lCiCnAkCjAaBl%40mAh%40kAVaAXoCRwBPaBb%40iCx%40mQhJmAaGaE_QbHaDhP%7BHvHuDxH%7DDP%40))
3857;2812301021;Rivas-Vaciamadrid;ouluF~irThJjAvA\jA\x@xAv@dCJv@~KyBFf@@BD`@FZHl@?BDT@F?@?BH`@Hr@@D?B??BJ?BDPBXBPDXBJ@LF`@DR@F@D@B@BPZBFR\RZP\HNFH@BLTDFTb@DBVPNHHHRJBBZRXRXRTNB@@@XPJHJHXRXP??DBXR^Tj@`@^TFFFBDBgIbJwAhBaBjBiGdHoAUo@AqA?k@QoAw@]Kq@aCiAu@nCkFQMc@_@k@q@Uo@KoAEuAO_@mBaDq@y@OWS_@W_@We@qAsC_AwBq@yACEs@kAc@g@OMQk@No@VyATsEBaB;((ouluF~irThJjAvA\jA\x@xAv@dCJv@~KyBFf@@BD`@FZHl@?BDT@F?@?BH`@Hr@@D?B??BJ?BDPBXBPDXBJ@LF`@DR@F@D@B@BPZBFR\RZP\HNFH@BLTDFTb@DBVPNHHHRJBBZRXRXRTNB@@@XPJHJHXRXP??DBXR^Tj@`@^TFFFBDBgIbJwAhBaBjBiGdHoAUo@AqA?k@QoAw@]Kq@aCiAu@nCkFQMc@_@k@q@Uo@KoAEuAO_@mBaDq@y@OWS_@W_@We@qAsC_AwBq@yACEs@kAc@g@OMQk@No@VyATsEBaB));((ouluF~irThJjAvA%5CjA%5Cx%40xAv%40dCJv%40~KyBFf%40%40BD%60%40FZHl%40%3FBDT%40F%3F%40%3FBH%60%40Hr%40%40D%3FB%3F%3FBJ%3FBDPBXBPDXBJ%40LF%60%40DR%40F%40D%40B%40BPZBFR%5CRZP%5CHNFH%40BLTDFTb%40DBVPNHHHRJBBZRXRXRTNB%40%40%40XPJHJHXRXP%3F%3FDBXR%5ETj%40%60%40%5ETFFFBDBgIbJwAhBaBjBiGdHoAUo%40AqA%3Fk%40QoAw%40%5DKq%40aCiAu%40nCkFQMc%40_%40k%40q%40Uo%40KoAEuAO_%40mBaDq%40y%40OWS_%40W_%40We%40qAsC_AwBq%40yACEs%40kAc%40g%40OMQk%40No%40VyATsEBaB))
3858;2812301022;Rivas-Vaciamadrid;_sguFx`pTLAtNvI?@w@vBoAtDGRaClH}BnGoHpKaIxLUd@uA|C_B}CmBqDo@sAAA??eA{CyAwDcBcErFiErAjDjBaBdCqCdByBvA}B|C}GhAsCnCkJAA;((_sguFx`pTLAtNvI?@w@vBoAtDGRaClH}BnGoHpKaIxLUd@uA|C_B}CmBqDo@sAAA??eA{CyAwDcBcErFiErAjDjBaBdCqCdByBvA}B|C}GhAsCnCkJAA));((_sguFx%60pTLAtNvI%3F%40w%40vBoAtDGRaClH%7DBnGoHpKaIxLUd%40uA%7CC_B%7DCmBqDo%40sAAA%3F%3FeA%7BCyAwDcBcErFiErAjDjBaBdCqCdByBvA%7DB%7CC%7DGhAsCnCkJAA))
3859;2812301023;Rivas-Vaciamadrid;eehuFxfmTQXA\e@b@aA\YDg@?]GyDo@y@Ic@@e@Nw@h@wAnAiBfBmAnAYb@[h@Yx@U`AOxAGnA@jABt@P?FtDFdB\tAJn@KUUg@iAeA_@WcEoCeBy@_BKa@E{ILgCHqH\mCoCmB_DhAmBtA_Cj@m@nAs@tCEfNe@bMq@dAs@lAaBbFoIbCjBj@g@vAi@~AQ~B?tB|@xAhAhAzA;((eehuFxfmTQXA\e@b@aA\YDg@?]GyDo@y@Ic@@e@Nw@h@wAnAiBfBmAnAYb@[h@Yx@U`AOxAGnA@jABt@P?FtDFdB\tAJn@KUUg@iAeA_@WcEoCeBy@_BKa@E{ILgCHqH\mCoCmB_DhAmBtA_Cj@m@nAs@tCEfNe@bMq@dAs@lAaBbFoIbCjBj@g@vAi@~AQ~B?tB|@xAhAhAzA));((eehuFxfmTQXA%5Ce%40b%40aA%5CYDg%40%3F%5DGyDo%40y%40Ic%40%40e%40Nw%40h%40wAnAiBfBmAnAYb%40%5Bh%40Yx%40U%60AOxAGnA%40jABt%40P%3FFtDFdB%5CtAJn%40KUUg%40iAeA_%40WcEoCeBy%40_BKa%40E%7BILgCHqH%5CmCoCmB_DhAmBtA_Cj%40m%40nAs%40tCEfNe%40bMq%40dAs%40lAaBbFoIbCjBj%40g%40vAi%40~AQ~B%3FtB%7C%40xAhAhAzA))
3860;2812301024;Rivas-Vaciamadrid;a~cuFpdmTdGwCjFeCbFeCxE{BdCkAVhAvBaA`DpNmT`Ky\jPAA{@gD}@mDiCjAcA}EACbJeEfFgC;((a~cuFpdmTdGwCjFeCbFeCxE{BdCkAVhAvBaA`DpNmT`Ky\jPAA{@gD}@mDiCjAcA}EACbJeEfFgC));((a~cuFpdmTdGwCjFeCbFeCxE%7BBdCkAVhAvBaA%60DpNmT%60Ky%5CjPAA%7B%40gD%7D%40mDiCjAcA%7DEACbJeEfFgC))
3861;2812301025;Rivas-Vaciamadrid;{dduFdplTH\b@vBh@|Bz@pDdAdEgFfCcJdE@BQAyH|DwHtDiPzHcH`DCMkBqHgB_I}@kDq@eBdCaA|BaAfB}@bBm@zAe@hB]`BQjCKdBGv@K|ASbCg@|Bw@xAs@hB_AdJgE|EeC;(({dduFdplTH\b@vBh@|Bz@pDdAdEgFfCcJdE@BQAyH|DwHtDiPzHcH`DCMkBqHgB_I}@kDq@eBdCaA|BaAfB}@bBm@zAe@hB]`BQjCKdBGv@K|ASbCg@|Bw@xAs@hB_AdJgE|EeC));((%7BdduFdplTH%5Cb%40vBh%40%7CBz%40pDdAdEgFfCcJdE%40BQAyH%7CDwHtDiPzHcH%60DCMkBqHgB_I%7D%40kDq%40eBdCaA%7CBaAfB%7D%40bBm%40zAe%40hB%5D%60BQjCKdBGv%40K%7CASbCg%40%7CBw%40xAs%40hB_AdJgE%7CEeC))
3862;2812301026;Rivas-Vaciamadrid;upjuF|{tTTVp@z@nBbCl@n@`@h@^\h@^DBHFJFHDDBHBXJHBLBVFJBLBRDTDP@XDL@L@H?vBDAu@r@ZHb@B^e@v@iAHoAUMJmBj@]HG@G@C?C?S@G?AAG?QCMCi@GKCOCIEEAKEECECCCAAEGACACEAEEECGEEAGCEAA?EAE?K@CA_BUUCq@Ii@o@YQcA{AS_DaAmAuAaBiBgAH@pATb@HrATjARnA?v@A;((upjuF|{tTTVp@z@nBbCl@n@`@h@^\h@^DBHFJFHDDBHBXJHBLBVFJBLBRDTDP@XDL@L@H?vBDAu@r@ZHb@B^e@v@iAHoAUMJmBj@]HG@G@C?C?S@G?AAG?QCMCi@GKCOCIEEAKEECECCCAAEGACACEAEEECGEEAGCEAA?EAE?K@CA_BUUCq@Ii@o@YQcA{AS_DaAmAuAaBiBgAH@pATb@HrATjARnA?v@A));((upjuF%7C%7BtTTVp%40z%40nBbCl%40n%40%60%40h%40%5E%5Ch%40%5EDBHFJFHDDBHBXJHBLBVFJBLBRDTDP%40XDL%40L%40H%3FvBDAu%40r%40ZHb%40B%5Ee%40v%40iAHoAUMJmBj%40%5DHG%40G%40C%3FC%3FS%40G%3FAAG%3FQCMCi%40GKCOCIEEAKEECECCCAAEGACACEAEEECGEEAGCEAA%3FEAE%3FK%40CA_BUUCq%40Ii%40o%40YQcA%7BAS_DaAmAuAaBiBgAH%40pATb%40HrATjARnA%3Fv%40A))
3863;2812301027;Rivas-Vaciamadrid;ybjuF|{tTz@bBJDrC`Ex@dAJj@@t@wBEI?MAMAYEQAUESEMCKCWGMCICYKICECIEKGIGECi@_@_@]a@i@m@o@oBcCq@{@UWdB?V?bCAr@A\?P?p@@b@@;((ybjuF|{tTz@bBJDrC`Ex@dAJj@@t@wBEI?MAMAYEQAUESEMCKCWGMCICYKICECIEKGIGECi@_@_@]a@i@m@o@oBcCq@{@UWdB?V?bCAr@A\?P?p@@b@@));((ybjuF%7C%7BtTz%40bBJDrC%60Ex%40dAJj%40%40t%40wBEI%3FMAMAYEQAUESEMCKCWGMCICYKICECIEKGIGECi%40_%40_%40%5Da%40i%40m%40o%40oBcCq%40%7B%40UWdB%3FV%3FbCAr%40A%5C%3FP%3Fp%40%40b%40%40))
3864;2812301028;Rivas-Vaciamadrid;gyjuFrhrT{WpR???CAEIs@Ia@?C?AAGEU?CIm@G[Ea@ACGg@EE[aCTgEB_@@EBKBe@Dg@@Q?ABc@FaAD_AF}@Di@EKSk@IBCGoBqF?WABSg@GOn@g@dBqAZOjA}@dBqAb@WfA{@tB~FnAlDbAtCxA|Dz@~BvBbG?@;((gyjuFrhrT{WpR???CAEIs@Ia@?C?AAGEU?CIm@G[Ea@ACGg@EE[aCTgEB_@@EBKBe@Dg@@Q?ABc@FaAD_AF}@Di@EKSk@IBCGoBqF?WABSg@GOn@g@dBqAZOjA}@dBqAb@WfA{@tB~FnAlDbAtCxA|Dz@~BvBbG?@));((gyjuFrhrT%7BWpR%3F%3F%3FCAEIs%40Ia%40%3FC%3FAAGEU%3FCIm%40G%5BEa%40ACGg%40EE%5BaCTgEB_%40%40EBKBe%40Dg%40%40Q%3FABc%40FaAD_AF%7D%40Di%40EKSk%40IBCGoBqF%3FWABSg%40GOn%40g%40dBqAZOjA%7D%40dBqAb%40WfA%7B%40tB~FnAlDbAtCxA%7CDz%40~BvBbG%3F%40))
3865;2812301029;Rivas-Vaciamadrid;{bguFnkpTuNwIM@iCwBt@gBz@aCdA_CfCwEzAuBrA}A~AcBrAoAjA{@zE}ChElQ~A`HoF|DeD`EwBpEyAnD;(({bguFnkpTuNwIM@iCwBt@gBz@aCdA_CfCwEzAuBrA}A~AcBrAoAjA{@zE}ChElQ~A`HoF|DeD`EwBpEyAnD));((%7BbguFnkpTuNwIM%40iCwBt%40gBz%40aCdA_CfCwEzAuBrA%7DA~AcBrAoAjA%7B%40zE%7DChElQ~A%60HoF%7CDeD%60EwBpEyAnD))
3866;2812301030;Rivas-Vaciamadrid;moguF|dnTnDkCjGkFFXz@rD|C|Li@Rq@Zq@\o@^o@`@o@b@m@b@m@d@m@f@k@h@k@h@i@j@i@l@hDdGsA|A{AtBgCvEeA~B{@`Cu@fBqOsKwBgA\eA\eA^eA`@cAb@cA`@aAd@_Ad@aAf@}@f@}@f@{@j@{@h@y@j@y@l@u@l@u@n@u@n@s@n@q@p@o@|AiB;((moguF|dnTnDkCjGkFFXz@rD|C|Li@Rq@Zq@\o@^o@`@o@b@m@b@m@d@m@f@k@h@k@h@i@j@i@l@hDdGsA|A{AtBgCvEeA~B{@`Cu@fBqOsKwBgA\eA\eA^eA`@cAb@cA`@aAd@_Ad@aAf@}@f@}@f@{@j@{@h@y@j@y@l@u@l@u@n@u@n@s@n@q@p@o@|AiB));((moguF%7CdnTnDkCjGkFFXz%40rD%7CC%7CLi%40Rq%40Zq%40%5Co%40%5Eo%40%60%40o%40b%40m%40b%40m%40d%40m%40f%40k%40h%40k%40h%40i%40j%40i%40l%40hDdGsA%7CA%7BAtBgCvEeA~B%7B%40%60Cu%40fBqOsKwBgA%5CeA%5CeA%5EeA%60%40cAb%40cA%60%40aAd%40_Ad%40aAf%40%7D%40f%40%7D%40f%40%7B%40j%40%7B%40h%40y%40j%40y%40l%40u%40l%40u%40n%40u%40n%40s%40n%40q%40p%40o%40%7CAiB))
3867;2812301031;Rivas-Vaciamadrid;a_cuFb|kTod@~SI]w@kDy@iDYmAYoAi@sDdPqB~C_@vOjAdCbAd@f@;((a_cuFb|kTod@~SI]w@kDy@iDYmAYoAi@sDdPqB~C_@vOjAdCbAd@f@));((a_cuFb%7CkTod%40~SI%5Dw%40kDy%40iDYmAYoAi%40sDdPqB~C_%40vOjAdCbAd%40f%40))
3868;2812301032;Rivas-Vaciamadrid;_hiuFxnrTtX}R??@@n@rAlBpD~A|CeA|B_ArAuBzBiBfBuB|AcCxA_BbAE@E@UFC@YHQFKD_@PULIDMFC@QHc@TOFCQ?ACGC@]iBAA[]Oe@WmAG_AKaAU_AYwAr@e@;((_hiuFxnrTtX}R??@@n@rAlBpD~A|CeA|B_ArAuBzBiBfBuB|AcCxA_BbAE@E@UFC@YHQFKD_@PULIDMFC@QHc@TOFCQ?ACGC@]iBAA[]Oe@WmAG_AKaAU_AYwAr@e@));((_hiuFxnrTtX%7DR%3F%3F%40%40n%40rAlBpD~A%7CCeA%7CB_ArAuBzBiBfBuB%7CAcCxA_BbAE%40E%40UFC%40YHQFKD_%40PULIDMFC%40QHc%40TOFCQ%3FACGC%40%5DiBAA%5B%5DOe%40WmAG_AKaAU_AYwAr%40e%40))
3869;2812301033;Rivas-Vaciamadrid;saiuFronTb@~@pArChBfFfBvDXl@rB~BhFnDm@bCYjAABgJoEuCsAsCsAuCqASGSESCSAS?S@S@UDQDSFSH{AlABJ@L?LALAJCLCJEH]j@k@x@OWAQcCSo@g@s@s@aB_AgBcDa@sBa@gCQeBg@iEu@kDs@_BaBoCpH]fCIzIM`@D~AJdBx@bEnC^VhAdATf@JT;((saiuFronTb@~@pArChBfFfBvDXl@rB~BhFnDm@bCYjAABgJoEuCsAsCsAuCqASGSESCSAS?S@S@UDQDSFSH{AlABJ@L?LALAJCLCJEH]j@k@x@OWAQcCSo@g@s@s@aB_AgBcDa@sBa@gCQeBg@iEu@kDs@_BaBoCpH]fCIzIM`@D~AJdBx@bEnC^VhAdATf@JT));((saiuFronTb%40~%40pArChBfFfBvDXl%40rB~BhFnDm%40bCYjAABgJoEuCsAsCsAuCqASGSESCSAS%3FS%40S%40UDQDSFSH%7BAlABJ%40L%3FLALAJCLCJEH%5Dj%40k%40x%40OWAQcCSo%40g%40s%40s%40aB_AgBcDa%40sBa%40gCQeBg%40iEu%40kDs%40_BaBoCpH%5DfCIzIM%60%40D~AJdBx%40bEnC%5EVhAdATf%40JT))
3870;2812301034;Rivas-Vaciamadrid;ozfuFpmnTdB~Gs@j@{E|CkAz@sAnA_BbBiDeGh@m@h@k@j@i@j@i@l@g@l@e@l@c@n@c@n@a@n@_@p@]p@[h@S;((ozfuFpmnTdB~Gs@j@{E|CkAz@sAnA_BbBiDeGh@m@h@k@j@i@j@i@l@g@l@e@l@c@n@c@n@a@n@_@p@]p@[h@S));((ozfuFpmnTdB~Gs%40j%40%7BE%7CCkAz%40sAnA_BbBiDeGh%40m%40h%40k%40j%40i%40j%40i%40l%40g%40l%40e%40l%40c%40n%40c%40n%40a%40n%40_%40p%40%5Dp%40%5Bh%40S))
3871;2812301035;Rivas-Vaciamadrid;moguF|dnT}AhBq@n@o@p@o@r@o@t@m@t@m@t@k@x@i@x@k@z@g@z@g@|@g@|@e@`Ae@~@a@`Ac@bAa@bA_@dA]dA]dAiFoDsB_CYm@gBwDiBgFqAsCc@_AKo@]uAGeBGuD?GzFStCNpDr@jDd@|B`@tBRvA?dDQzHg@`B@;((moguF|dnT}AhBq@n@o@p@o@r@o@t@m@t@m@t@k@x@i@x@k@z@g@z@g@|@g@|@e@`Ae@~@a@`Ac@bAa@bA_@dA]dA]dAiFoDsB_CYm@gBwDiBgFqAsCc@_AKo@]uAGeBGuD?GzFStCNpDr@jDd@|B`@tBRvA?dDQzHg@`B@));((moguF%7CdnT%7DAhBq%40n%40o%40p%40o%40r%40o%40t%40m%40t%40m%40t%40k%40x%40i%40x%40k%40z%40g%40z%40g%40%7C%40g%40%7C%40e%40%60Ae%40~%40a%40%60Ac%40bAa%40bA_%40dA%5DdA%5DdAiFoDsB_CYm%40gBwDiBgFqAsCc%40_AKo%40%5DuAGeBGuD%3FGzFStCNpDr%40jDd%40%7CB%60%40tBRvA%3FdDQzHg%40%60B%40))
3872;2812301036;Rivas-Vaciamadrid;}ciuF~{mTNyATaAXy@Zi@Xc@lAoAhBgBvAoAv@i@d@Ob@Ax@HxDn@\Ff@?XE`A]d@c@@]PY??~@mBv@fBTf@TJl@N`@LVPT\P^\rADBdAbA`FoDhAo@`AnDTKjCeAdA`@t@`Bb@~Cd@pBkGjFoDjCaBA{Hf@eDPwA?uBS}Ba@kDe@qDs@uCO{FR?FQ?Cu@AkAFoA;((}ciuF~{mTNyATaAXy@Zi@Xc@lAoAhBgBvAoAv@i@d@Ob@Ax@HxDn@\Ff@?XE`A]d@c@@]PY??~@mBv@fBTf@TJl@N`@LVPT\P^\rADBdAbA`FoDhAo@`AnDTKjCeAdA`@t@`Bb@~Cd@pBkGjFoDjCaBA{Hf@eDPwA?uBS}Ba@kDe@qDs@uCO{FR?FQ?Cu@AkAFoA));((%7DciuF~%7BmTNyATaAXy%40Zi%40Xc%40lAoAhBgBvAoAv%40i%40d%40Ob%40Ax%40HxDn%40%5CFf%40%3FXE%60A%5Dd%40c%40%40%5DPY%3F%3F~%40mBv%40fBTf%40TJl%40N%60%40LVPT%5CP%5E%5CrADBdAbA%60FoDhAo%40%60AnDTKjCeAdA%60%40t%40%60Bb%40~Cd%40pBkGjFoDjCaBA%7BHf%40eDPwA%3FuBS%7DBa%40kDe%40qDs%40uCO%7BFR%3FFQ%3FCu%40AkAFoA))
